count,molecule,basis set,mo_basis,pop_method,dipJAX,dipDeco,polar1st,polar2nd
0,H2O,aug-pcseg-1,pm,mulliken,[ 1.79000535e-16  3.33066907e-15 -7.60002949e-01],[-1.95621164e-16  5.99520433e-15 -7.60002949e-01],8.544882203781503,8.544882512010242
1,H2O,aug-pcseg-1,pm,mulliken,[ 1.79000535e-16  2.88657986e-15 -7.60002949e-01],[-1.95621164e-16  5.32907052e-15 -7.60002949e-01],8.544882203781505,8.544882511998559
2,H2O,aug-pcseg-1,pm,mulliken,[ 1.79000535e-16  1.88737914e-15 -7.60002949e-01],[-1.95621164e-16  5.32907052e-15 -7.60002949e-01],8.544882203781505,8.544882512023621
3,H2O,aug-pcseg-1,pm,mulliken,[ 1.79000535e-16 -2.10942375e-15 -7.60002949e-01],[-1.95621164e-16  5.55111512e-15 -7.60002949e-01],8.544882203781501,8.544882511990908
4,H2O,aug-pcseg-1,pm,mulliken,[ 1.79000535e-16 -2.22044605e-16 -7.60002949e-01],[-1.95621164e-16  5.77315973e-15 -7.60002949e-01],8.544882203781503,8.54488251199991
0,H2O,aug-pcseg-1,pm,iao,[ 1.79000535e-16 -6.43929354e-15 -7.60002949e-01],[-1.95621164e-16  4.88498131e-15 -7.60002949e-01],8.544882203781503,8.544882511450306
