count,molecule,basis set,mo_basis,pop_method,dipJAX,dipDeco,polar1st,polar2nd
0,HF,6-311++G**,pm,mulliken,[ 2.31541632e-16 -1.45955420e-16 -8.13148535e-01],[ 1.34112696e-14 -5.45886232e-15 -8.13148535e-01],3.0908449407478464,3.090844956527389
1,HF,6-311++G**,pm,mulliken,[ 2.31541632e-16 -1.45955420e-16 -8.13148535e-01],[ 1.34112696e-14 -5.45886232e-15 -8.13148535e-01],3.0908449407478478,3.090844956527461
2,HF,6-311++G**,pm,mulliken,[ 2.31541632e-16 -1.45955420e-16 -8.13148535e-01],[ 1.34112696e-14 -5.45886232e-15 -8.13148535e-01],3.0908449407478478,3.0908449565273473
3,HF,6-311++G**,pm,mulliken,[ 2.31541632e-16 -1.45955420e-16 -8.13148535e-01],[ 1.34112696e-14 -5.45886232e-15 -8.13148535e-01],3.090844940747847,3.090844956527467
4,HF,6-311++G**,pm,mulliken,[ 2.31541632e-16 -1.45955420e-16 -8.13148535e-01],[ 1.34112696e-14 -5.45886232e-15 -8.13148535e-01],3.0908449407478487,3.090844956527475
0,HF,6-311++G**,pm,iao,[ 2.31541642e-16 -1.45955418e-16 -8.13148535e-01],[ 1.34112696e-14 -5.45886232e-15 -8.13148535e-01],3.09084494074785,3.090844956564261
1,HF,6-311++G**,pm,iao,[ 2.31541603e-16 -1.45955431e-16 -8.13148535e-01],[ 1.34112696e-14 -5.45886232e-15 -8.13148535e-01],3.0908449407478464,3.090844956630164
